x1,x2,y
-3.10026710576332,2.8247615420084493,0
-2.915516585593945,2.4581220725581936,0
-2.39630176808806,0.05514679135586498,0
-2.098158245791531,2.732060160276414,0
-2.2982287653642484,2.1323890419208276,0
-2.0853490756753095,0.3359959152054044,0
-2.3162499307461673,3.631009542740422,0
-3.1401548745944354,-1.3650688894734238,0
-2.284295639907764,-1.2012085615161825,0
-2.263988987914039,2.2984339509593745,0
-3.2475646563105594,1.9541365344124948,0
-2.3834648306405497,0.18646156470004804,0
-2.90195606729776,-0.15441474516108533,0
-2.6607018482688174,-0.5815474994112999,0
-2.5182421532878005,2.548430095403056,0
-3.1151641572488016,-1.4856692857989064,0
-3.024082624891155,0.6898203079275378,0
-2.621520926145009,-2.3087458534476224,0
-3.3002382458596085,3.6824530913621922,0
-3.077922921910423,2.162943564167173,0
-2.369156241260691,2.4909109717241815,0
-3.488482251462548,-1.3473341153837939,0
-3.01100454335165,-1.3140595682050566,0
-3.1614887396286306,1.6965024863775682,0
-3.430689402716258,0.5652512394305784,0
-3.268876460494977,0.3962918531714186,0
-3.3676426997071873,-1.5053900211850477,0
-2.8141078061541434,0.5414213269635049,0
-3.0062469778853225,-0.0822595081611257,0
-2.0835000518058573,-0.5917922786628154,0
-3.2167788421974293,1.496009960906473,0
-3.4958560928526037,-0.7641362849390854,0
-2.8768041752830804,-1.4017425967430615,0
-2.702181579167001,-0.6469425615120297,0
-3.2098130223382033,1.371322166883588,0
-2.970209847944199,-1.9419036212478091,0
-2.6010841113583263,1.3172060964484875,0
-2.820273434827215,2.253426845110634,0
-3.365126009379223,-0.5959614781805744,0
-3.329038078856933,1.5794800323817242,0
-2.951323387813233,2.458978646858352,0
-2.1907217011932367,3.5717837151090865,0
-2.5406170840497335,0.503717667027507,0
-3.350655384573199,-1.7607871240025663,0
-2.3428967434984966,-0.3598272262184543,0
-3.2016324095420816,-1.885072078040626,0
-3.203536237066259,-0.9614235396930118,0
-3.0790476896129966,-1.078891480546472,0
-3.1378345650178985,2.1180778008287726,0
-2.641897147104129,1.591341310244462,0
-2.9532522798843104,3.450647644560112,0
-2.950438390920249,-1.6782711414592861,0
-3.2225147649884303,1.0618924522677342,0
-2.5268083575785574,3.2643340263923966,0
-2.3064457051830396,-1.3284448073100632,0
-2.7184344719410047,1.2767765767035932,0
-2.498720400999265,1.674493923866212,0
-3.238336640036816,1.4305527953386887,0
-3.3599134906569246,-2.45695341597347,0
-2.263377597543613,2.294235068544296,0
-2.8332521276173726,3.4640072372793886,0
-3.474789773009145,2.5783093302858973,0
-3.4871597550124758,-1.904348317542852,0
-3.237584979529569,3.935716225209318,0
-3.4556546771599157,3.554170382375629,0
-3.22714411570787,2.0992151471195095,0
-3.3281035873925253,0.0818047435356144,0
-2.00856830022086,2.636449686523852,0
-2.312970716361404,1.1805491763357767,0
-3.049080490178481,3.7036774918974986,0
-3.000256599417982,-1.7539893393513575,0
-2.6468400213220784,0.8318944107147095,0
-2.940832217220366,-0.42102324215939024,0
-3.383745558676968,-1.982723587151373,0
-3.4290303839755225,2.9821279276453536,0
-2.918491409050176,3.147616366551202,0
-3.2066880949388628,1.3330691856468975,0
-3.4114107674841825,-1.7140982756142853,0
-3.107207685304928,-1.5207551714825014,0
-2.8165150474355265,-1.7127760408739008,0
-2.7355407284047226,1.8001742047618938,0
-3.258391486995104,-0.5456766587649904,0
-2.365658505825115,-0.30908373960573776,0
-2.1376265121525115,-1.612810580239458,0
-2.447922863954846,0.3785999533345099,0
-2.5848043928026243,1.7739656935219363,0
-2.46966438705709,0.40721418212720684,0
-2.7960440754369875,3.883237021286119,0
-2.014593988272626,3.8921915342877362,0
-2.968863547872732,-1.2072286844062285,0
-2.279611380976264,1.3440139316482975,0
-3.1020800044954644,1.6132472528067598,0
-2.111837677802872,-2.4738964297464716,0
-3.2584004676041536,3.120440147055744,0
-3.250829152229619,-2.007663646667851,0
-2.542805060252873,3.0367898232238995,0
-3.3399045679760273,1.605185996407469,0
-2.204184362146402,-2.2576935979776134,0
-2.5702115266872347,2.741191155715417,0
-3.242599960732113,-0.9083082312587085,0
-2.0116031344750938,-1.0003432552865033,0
-2.736691349884561,-1.8422009023431736,0
-2.9275549127303115,-0.11094199589569698,0
-3.0989118650953262,1.7536589827718636,0
-3.2758335968447367,-1.5730127289051978,0
-3.209589490078197,-1.6454139802453454,0
-3.3952172050480405,-2.2590476960931594,0
-2.734027900483876,-1.083183496453507,0
-3.487236444975169,-0.19065326327630094,0
-2.5175261237367974,1.3565972228211227,0
-3.140277859709084,1.5744817358702852,0
-2.4289355776239505,0.5198394384429443,0
-3.392809464225265,1.3596250131835315,0
-2.4360813552836853,-2.1001662206237595,0
-3.0971357138802142,1.1445722824362732,0
-2.469578682768042,3.723924137882122,0
-2.7901822005510217,-2.1365732552585954,0
-2.1294774647812815,0.5288012414657657,0
-2.165253825630405,0.3831412316091667,0
-3.2059594212650566,3.0466440644503194,0
-2.363667752173791,-0.31222282005961954,0
-3.110905875506393,1.9311810452334637,0
-2.8921397268119273,-2.4305724743427666,0
-2.7387382415341426,-1.9230078558802675,0
-3.421594412891901,-2.490832974559931,0
-2.990895804826825,3.381381538420321,0
-2.5719126366769567,0.4129454357874631,0
-3.35404145053009,0.4142076492843403,0
-2.1132995665488994,-2.237434327684248,0
-3.1699330832135595,-2.211705742838753,0
-3.298032275269716,3.5292052991463505,0
-2.092227181944613,-1.2214475513640293,0
-2.370722823476699,-0.926376122546472,0
-2.119194717792509,2.555010905235677,0
-2.570819417494241,2.5740664981097483,0
-3.468819356534299,0.6537991396230134,0
-2.0393848769129215,2.1675085193041,0
-2.1330087379498943,-0.38233375891815324,0
-2.1939779835471964,2.5217234109814584,0
-2.6126690793666656,3.6072488309927433,0
-3.1391820874792478,-1.198152477422423,0
-2.3718544388632274,-1.0623034536043718,0
-2.142959018854395,-1.402866233243845,0
-2.5410158843892576,-1.73821060346436,0
-3.107244930185691,1.2280145920562666,0
-2.681115976140199,3.9381888710517607,0
-2.7172232183048672,-0.8146685578516542,0
-2.3091540065753438,-0.47140698244086776,0
-2.7705540558402393,3.42389432506147,0
-3.3312641744452973,0.9797920508584212,0
-3.3023106594007277,-2.4285762849088837,0
-2.1083146311001517,2.3069599685244526,0
-2.004915847883928,-2.1476100102897364,0
-3.435123975781698,-0.4027815115074258,0
-2.202503188874753,2.845411726955091,0
-3.3400544570089017,0.6505263087482542,0
-2.0927397554377603,0.8578970313494318,0
-2.56583592963736,-0.5762661395622932,0
-3.279830349676752,3.6990504954847285,0
-3.2916166483121656,-2.465714368079545,0
-2.4666520639138345,-0.8321850342594617,0
-2.003625615495126,1.1869283831443358,0
-2.041469236999594,0.28431925806971226,0
-2.839189189532356,-1.116951283822436,0
-2.656737205645212,-1.2495250684930632,0
-3.440259979641984,0.19563071801219234,0
-3.4358445099157846,2.559961497233335,0
-2.4737483416637165,3.1777966241070947,0
-2.765202233287523,3.629830411402054,0
-2.9565533221111315,-0.7778475354931664,0
-3.3212443646524434,1.1485860140460988,0
-2.135826641615181,0.7808800285377058,0
-2.628418004051283,3.6414117653420286,0
-3.400942319853844,3.9297459290146906,0
-2.6821662124265844,3.143361343352881,0
-2.7636810232758586,2.929658315703281,0
-3.1252943107530378,-0.27030850092533676,0
-2.56566421838521,-1.8627544719650984,0
-2.128667888246596,3.083642064061138,0
-2.354387690053307,-1.4364087483243289,0
-2.582337044102399,-1.8507989934276547,0
-3.478050613370965,1.8516820827058522,0
-2.0670769710339534,1.6603888691732873,0
-2.3124905892986427,-0.4299231934729897,0
-3.285983301537699,2.144630607743861,0
-3.277731873621896,2.5362949022038004,0
-2.5489015560526047,3.3961388890930673,0
-3.3070759432450663,0.6520587080629543,0
-2.736650587181492,3.0139640711475018,0
-2.300644770235571,2.5341369580153117,0
-2.292306551758193,-1.7910251967470987,0
-3.4271759127062875,-2.444630822974242,0
-2.856139784441106,-0.5317290790851479,0
-3.4799995113025672,-2.05471506769175,0
-2.3670163728268467,0.5100247518642824,0
-2.9166948628081535,-1.2593061442121016,0
-3.178818523812437,0.2856227897667134,0
-3.1295749924648293,1.0148808594953405,0
-2.996118736940733,1.315244698395575,0
-3.262647317406244,0.5957458252271648,0
-2.8255126213617534,-2.1877174834525492,0
-3.0304441349204683,-0.4729014829517366,0
-2.4438358313875113,3.0819805124771325,0
-2.3481233491044122,1.4665768663753176,0
-2.9204670904718104,3.1286279775383017,0
-2.6403573116619388,1.6612162388191622,0
-2.7293388085100863,-1.0071124327589704,0
-2.485837524722728,1.1494993504500743,0
-2.6099117511004213,-1.2013980388961571,0
-3.1871225722546956,3.476824588442941,0
-3.1274434720573794,-0.5211052795225766,0
-2.6988819269079958,3.2621670576028654,0
-2.2357795663151054,2.5608890965557567,0
-2.814884091927471,2.889053679932732,0
-2.091013313358491,-1.328901797152918,0
-2.152788355654819,-1.1311260742535498,0
-3.3964518651803006,3.8268363513018064,0
-2.274595792761338,-2.3019636760372943,0
-3.0316130277119715,-1.93186833932381,0
-3.2865776732504104,3.8374246085073107,0
-2.450069855944223,0.8675296201832747,0
-3.3121759904220327,-1.9135515821749407,0
-3.2129827674543208,3.3039664651801113,0
-2.8825109300041842,-0.4174569785215376,0
-3.4095202158084454,-0.9615134845214977,0
-2.0687982111576475,1.3241365951590471,0
-3.028436624818893,3.582554767354667,0
-2.1257870584080862,3.196717148031599,0
-3.217421934381697,2.487316912837879,0
-2.8964524180207,-2.121115607792329,0
-2.325482132575073,2.3117819962986266,0
-2.2606832913289217,3.375096543857177,0
-3.24326352531231,1.8250832189694517,0
-3.3373962140839213,3.370926636596744,0
-3.3458161209319917,3.6449150503783896,0
-2.4593074041440857,0.7163706011330988,0
-2.771479719670808,2.739415862571282,0
-2.299706329612603,-0.33446488576916034,0
-3.01750991691877,3.4490287579153103,0
-2.344727239923388,3.4477564460229164,0
-2.2018793506351813,2.7276327416235944,0
-2.4410438363043774,-0.7676914312331169,0
-2.257548625942813,0.5756834124492523,0
-2.749597267031756,-0.4883362028218956,0
-2.6666161344593022,0.24960150885079546,0
-2.2224616575919853,3.99710708431183,0
-2.084187544057616,-0.30805607862876005,0
-2.3694516240792574,1.7195949033838644,0
-2.9597744709075933,0.962168095710402,0
-2.462758907591112,3.6723032473580357,0
-2.1266207959297083,2.5734361692402388,0
-2.8378906085923123,0.7266753633755254,0
-3.425689736478753,0.2400800016977862,0
-2.95802871867667,-0.4293816683311418,0
-2.461080064041293,-1.0309783425304313,0
-3.2983390360380245,0.1793413688687342,0
-2.7961631800286355,0.8539838220019345,0
-3.3541016788230906,0.023385086548943335,0
-3.383713826193943,1.3191845859508784,0
-2.966306714314236,-1.136289317672667,0
-3.2626938400520418,-2.4829987395561104,0
-2.282556133705096,1.62859304942413,0
-2.7725785363712454,0.1460372136612178,0
-2.979198988658702,-2.1155692159278017,0
-2.1839733789522255,0.00010195381198396802,0
-2.5745188010470947,-0.6477386998379311,0
-2.877861471265785,-1.1817640842157848,0
-2.338530792937816,1.8425116811650053,0
-2.274806882333248,-2.23982413372434,0
-2.8651544693914928,2.229128907930166,0
-3.483663578093246,1.2541594956401467,0
-3.2491354784400293,-1.865734128262022,0
-2.69512371594043,-1.7568000052417716,0
-2.563662408275069,-1.4000430696104889,0
-3.070698688214291,3.1349499459441157,0
-2.920856206054226,1.0794984814486495,0
-2.5435039585540404,0.570215301166404,0
-3.0600583342620666,1.3796956734524404,0
-2.666878791287617,1.5886101438847025,0
-3.230279491485099,1.921544274447685,0
-2.920611477849268,-0.8246722847149681,0
-2.5562042692553724,0.5404829942441243,0
-2.4211258919176766,1.880950655361004,0
-2.4787621393384724,-2.28566674523539,0
-2.476196557353301,-0.5974860910947917,0
-2.0264866314086145,3.4076104167222265,0
-3.3616367418661977,1.2590549170348821,0
-3.2038589968604185,2.524419119945936,0
-2.8649590702834518,0.832733735178155,0
-2.559699574838504,1.30934553561061,0
-2.3107576953713465,1.1451437257202843,0
-2.239485637213207,1.920913787989912,0
-3.3706473998821362,-1.5650998181390519,0
-2.806753232326513,-1.1200846680362653,0
-3.2001026525100045,2.4730770332668595,0
-2.338715312682103,1.9268138499957956,0
-2.2428027778215647,3.11059302422491,0
-2.9452705889491586,-0.06574038632932089,0
-2.708273866040832,1.7950445740722527,0
-3.1902321096267476,1.3348189450813188,0
-3.136011412169351,-0.5205052224750257,0
-2.555350991530962,1.8512616030102684,0
-2.1861660427387086,-0.20854680679007975,0
-2.431250866186059,0.667093655634968,0
-2.1929110651493313,2.1765576900606876,0
-3.194992330824555,-2.3330972502480622,0
-2.3132003499473743,0.8142159158736941,0
-3.4898318058831466,-2.398121592350539,0
-2.708791362025159,2.774256595189887,0
-2.673550327880257,1.0864044892906688,0
-2.1175038784712843,3.3709312279994315,0
-2.580293020554954,1.91676464420717,0
-2.8242617956041896,-1.1839376336526028,0
-2.4431420146534673,-0.6477096235750177,0
-3.44586364417544,0.8210066124311104,0
-3.2964649420147567,-1.7184738324029936,0
-3.423846107105727,1.9965675109010705,0
-2.4069904136662954,0.022769844215175805,0
-2.0258035527485108,3.8096876459753437,0
-2.7261344275185215,2.1057992903234206,0
-2.551511058313988,0.8526038289513695,0
-2.982049694380752,0.8856580608062115,0
-2.554210711975637,3.346866039933672,0
-2.505375677154095,-1.2421135824463054,0
-2.226159335050739,3.258302247087949,0
-2.8195581963302154,-1.8295613061973435,0
-2.6927688018607556,2.309554426102107,0
-2.9574999771800083,3.996251311668926,0
-3.1265537138152073,2.39205244471858,0
-3.4849886226226765,0.7742965513592104,0
-2.3315521187018904,-1.6617531485513908,0
-2.1373805881633317,-2.17502966757156,0
-2.354627566969265,-1.755561512700836,0
-2.3641410561213183,-1.7524376128977992,0
-3.3719201664554816,3.581719267663982,0
-2.76761995032392,-2.2414172051127683,0
-2.478194947249159,2.6753529380279675,0
-2.044173014923709,1.4051563378210266,0
-3.2954600092037225,-2.164528115847296,0
-2.6377888341108773,2.5528749144314142,0
-2.6312467051305415,3.297708345639691,0
-2.1834740449419443,1.8852014671355768,0
-2.7895718451148945,-2.3780734744753502,0
-2.204397134586878,1.6960476589963767,0
-2.7345107383692233,3.523832695822854,0
-3.126418409980128,0.5194157034649098,0
-2.6714885737625895,2.956932583148646,0
-2.1940315231669785,2.300287292400159,0
-3.046413113995997,-0.4898878545252643,0
-3.1271641208905407,2.959002531774739,0
-3.319356057211559,2.1760684077111767,0
-2.917457272206526,1.559611963592376,0
-2.3247726213291573,-0.7923523381464885,0
-3.1041122337582854,3.3852652189515418,0
-3.391339252543397,1.7860326364728678,0
-3.2875079630898005,-0.024083579875077366,0
-3.403340922436719,2.3405774546715907,0
-2.395782407459577,1.0582651740598363,0
-3.081079730897446,1.1291037319308885,0
-3.485435810594598,1.082083914403857,0
-2.495209461097901,1.3069566004336255,0
-2.2342744236330145,0.7505104209280451,0
-2.0121959010715535,-2.178151515341715,0
-2.903402296776025,-2.426496796006416,0
-3.1859653039437834,3.282858643121629,0
-2.8078540432049417,-2.235959987191413,0
-3.240473999809751,1.2250438267550328,0
-2.536559559997375,0.5114419560806356,0
-2.878202904766946,1.3885083498260187,0
-3.1019414052854986,3.1106257403403843,0
-2.252205704048759,-1.8569213058193283,0
-2.7966731098699107,1.8789445633587913,0
-3.342440864748841,1.7056001032904868,0
-3.36706242816363,3.242635020869323,0
-3.2352668855717552,-1.5166237828590954,0
-2.662125075785624,1.8414740129825544,0
-2.0167156215167603,-2.0450945096512587,0
-2.5174943890809396,2.2359378131051173,0
-2.6596153225559753,-2.246683426985372,0
-2.980445899924545,2.987617749227871,0
-3.4645966555251393,1.8951354976574537,0
-2.079803571069525,-0.5606567971617844,0
-2.7344226916191063,3.731861982025954,0
-2.9005983010991496,2.0188526496534775,0
-3.3556508270778194,2.1466632067135007,0
-3.020393051099728,1.9916093863210778,0
-3.2349425771657527,-0.29336825954179435,0
-2.815405204347921,1.3446694252620155,0
-3.2860462989090093,2.5192471047805194,0
-3.0098967300344572,2.549327497344679,0
-3.495735703343307,2.5757015828755048,0
-2.459580815799553,2.042975468560093,0
-3.3137326661881765,1.5530198075800152,0
-3.2776690118110507,2.1048840644976057,0
-2.025693357147401,2.9564329256841333,0
-3.136087803851261,0.29640961874686766,0
-2.981780859542036,0.9478938947281175,0
-2.7725886224686476,3.8131000719756614,0
-3.4677041598364338,-1.7881363061000242,0
-3.375538486568622,-0.9610946207471931,0
-3.4957932688860636,-0.6171108622377264,0
-2.9190887240510657,-1.1917837615985396,0
-2.8335085723473066,-1.5712081123050108,0
-3.4815676065444365,3.771431403827468,0
-3.1471454731909985,-1.3104425514730036,0
-2.9267508889663567,1.6343686049010184,0
-2.12375998242589,2.132821246557574,0
-2.457181527467627,3.3272966370276347,0
-2.927215149444139,-2.184764014496913,0
-3.0532827276179297,2.0769143405455264,0
-2.475623476869265,-2.1194662831944964,0
-2.366557639255407,-0.5273344233928632,0
-3.0318368611494395,1.3085558931359462,0
-2.309755933164229,2.961241648676636,0
-2.063436729669746,0.21230992817300054,0
-3.3299043672777358,3.809333122645171,0
-3.2482117466928617,0.6247988762740619,0
-2.752378507298975,-0.5056466814889096,0
-2.881561834052467,-2.2735220520391795,0
-3.0352487395875825,3.0058439953570373,0
-3.4269176867066964,3.4481379473066003,0
-2.710484306749077,3.6159598926415084,0
-2.261239456484425,1.3657285988364745,0
-3.46806362255611,-1.345549280618611,0
-2.9724123270348377,-1.2927619246639623,0
-2.344991776785088,0.9320899611249174,0
-3.031788612479745,3.819530063536625,0
-2.5472995033004517,-0.765939207625737,0
-3.245183456363005,1.3961008074103285,0
-3.4343159870686897,-0.4750661927107247,0
-3.086416011241093,0.2931291340723656,0
-2.872753822132545,1.6491217228024126,0
-3.2809928650488493,-1.2413039690389192,0
-2.7189391145406057,-1.22818150413649,0
-2.514329938382457,2.278091127956932,0
-3.4816334443810177,-1.58182588244646,0
-2.0846895440810966,0.6779107034459995,0
-3.353728673134775,1.9403551011396747,0
-3.449408162199765,1.700569386324676,0
-3.1327217839286265,-1.229141065352317,0
-3.479792946732524,0.10821001623751059,0
-2.7109796624265767,1.287877236485253,0
-2.963740569759179,0.8761293957562666,0
-2.381284124133357,-1.3794292450754468,0
-2.0608944660852337,1.7547167688373069,0
-2.5732999697670698,-2.333421662513152,0
-2.2718257918860845,1.3507507003846313,0
-2.670303934109108,-2.0088493714504523,0
-2.128824719567282,0.975358890863629,0
-2.117667431799061,-2.1296282689059924,0
-2.8853094164047532,0.5432155122680484,0
-3.0737968223100034,-0.5458103992455534,0
-2.775291280422807,-1.5600930122221812,0
-2.5122981512791536,0.8738281419973544,0
-3.439503561565613,1.272409135097707,0
-2.87774433283693,-0.04381008676258791,0
-2.5211616243252943,-0.02404726380072475,0
-2.9180198049250263,-0.8921420480519047,0
-2.644916560831402,-0.8112130356548994,0
-2.536614760504508,2.394816004287274,0
-2.7654676802046154,-1.4552009141611266,0
-2.5775395272790558,-0.47835923462061913,0
-3.1083223182100737,3.2161885527159457,0
-2.3924437046069413,0.9538016685824089,0
-2.791651100555379,-1.6770643072167597,0
-2.0293145123239835,-2.314053806528822,0
-3.0782977075225317,3.388872173455792,0
-2.2341944512481056,0.20653673868984113,0
-3.497639830295199,-2.1250610773277945,0
-2.867054901386381,-1.07637752714611,0
-2.7111710250812453,1.7455897611059576,0
-3.0909704946704366,-1.1191353124574612,0
-2.9504393243426548,1.5642289973838173,0
-2.609840915792865,-1.0538209857991923,0
-2.94665916425504,-2.4924105883446224,0
-3.3172448476110654,1.5162591426713297,0
-3.1312670615426645,1.601481450802666,0
-3.06105077770264,-0.40094017380711167,0
-3.1613562020288706,-0.9231937759588504,0
-2.76903149693002,3.19224439134144,0
-2.7860648669510977,2.465354143624398,0
-2.532015390386563,3.2411214487891122,0
-2.567347919192859,-0.794690827271954,0
-3.1354243092192062,1.1386422175579423,0
-2.332046943669142,2.837233453592935,0
-2.409052179930691,1.6839653133277066,0
-2.2849191542349208,1.6571896058438593,0
-2.1482440724879415,2.726549597103972,0
-3.0313523353983323,3.266604360384542,0
-2.534020091672478,1.146055219794892,0
-3.0148783990335204,0.6879614906963214,0
-3.230478937386765,3.8773430688668142,0
-2.985378553107867,1.3848269405869424,0
-2.57341676540619,2.25158283463173,0
-2.2423627363113177,1.0231397743668902,0
-2.488385577507335,-0.26892810667222644,0
-2.851108494247761,-1.8818184192237313,0
-2.1634047546837345,-1.5481014895422165,0
-3.127064598670132,-2.1601007496165305,0
-2.6696089318329963,-1.8133753176575818,0
-2.6601046222844733,8.405296517081352,1
-3.4262347040410575,8.992283700911376,1
-3.382397671309974,4.608966514364977,1
-3.4617926482931334,8.024894547780784,1
-3.0284586737122052,5.730512873186273,1
-2.6153871061890617,8.54779233123241,1
-3.1290337769222054,5.927528989089781,1
-3.241490760007412,8.255566654544024,1
-2.9116366206675335,7.335522223777275,1
-3.1156814360832605,7.641032596764564,1
-2.555839058668799,4.442694650117275,1
-3.318164264953232,8.199447753616242,1
-3.4735413025227375,7.252302955541363,1
-2.0174146439026766,9.790594798287813,1
-3.29342965046858,7.255524916775586,1
-2.707660954229511,4.342806417439352,1
-3.056496112290003,5.420824348664336,1
-2.43207392078834,5.058185053909073,1
-3.2261534953646542,4.646289411280474,1
-2.363920818423534,7.833653073493362,1
-3.492713454975071,5.3392049218558695,1
-2.1820301464593403,5.273312557569693,1
-2.1494315039877354,6.65121843181711,1
-2.1794603523608433,5.739106439313091,1
-2.4559534916097783,8.452790903161581,1
-3.450066718410641,7.598363812571886,1
-2.5769814223110283,5.88357898194292,1
-3.3805154662724424,7.772372382008857,1
-3.0949395020859027,5.877806916513637,1
-3.21131975767429,7.612813163780323,1
-2.441420494563621,7.875608028468152,1
-3.0485995100632373,5.347674363259937,1
-3.448141209723174,7.616350569457191,1
-3.148440903277864,6.379869937936248,1
-3.2842569521975404,6.730208759028064,1
-3.4470888345816135,6.894438661673162,1
-3.0913774388761044,4.808028874050064,1
-2.1840427675970457,5.601735720384851,1
-2.0895815425789177,9.682464653331667,1
-2.0793987936178686,4.002889004935012,1
-3.28004798566407,9.402421134710476,1
-3.2468549299224696,7.779993830049076,1
-2.387779895267935,9.060265438708651,1
-2.726560973699482,6.206435976985298,1
-2.3717409488931995,6.785824241778185,1
-2.0427359006429673,9.669226373631684,1
-2.9039915762488895,7.453579333356648,1
-3.1562341682583788,5.127047795136173,1
-2.988763269775111,4.567334291137942,1
-2.5224236485563565,9.490083229560604,1
-2.4006836711509933,5.68693696883961,1
-2.859999148304661,7.71865746223132,1
-2.792562364920305,4.178641698626046,1
-2.6289405298502313,5.7902728952671305,1
-3.4306876237890735,8.237562693586632,1
-3.1247010747645523,9.741259246886251,1
-3.3884858023921582,8.332487622757721,1
-2.9234806572878753,9.32603754471144,1
-2.277231801079192,5.1272004839617304,1
-2.2139612425064876,7.380798711242063,1
-2.8750812207767034,5.55378327418532,1
-3.053314518554001,4.057724932428469,1
-3.1446117027404146,4.652974154304259,1
-3.453045931748941,4.029232627058718,1
-2.9444084058211146,6.792061203907485,1
-2.951227586513398,7.7234828659538906,1
-3.045277573548079,6.4746155660552835,1
-2.518741434238768,8.884694936934284,1
-3.169312251338791,4.256521333822988,1
-2.739102336623672,5.234828995906095,1
-2.6219412375361646,5.131051434422504,1
-2.207598978433343,6.619934118644798,1
-3.3915901127823576,9.650893947952886,1
-2.7656079186550424,6.541555213457558,1
-2.2837368429229796,7.260252147084584,1
-2.1621868029033378,6.797822797842451,1
-3.3058453065963875,5.097018610521104,1
-3.4542677491037397,4.197200674309428,1
-3.0780382901404817,4.437022664636476,1
-2.1835891205931692,9.822099291312172,1
-2.803123853833839,5.4609085699912,1
-3.283585902115732,5.508248379375768,1
-2.049789177989705,4.390961193915324,1
-2.225383748088031,4.7498101337346395,1
-3.190826695498055,4.659866773835525,1
-3.465246459924429,5.621610909634073,1
-3.2905207353698707,7.862327941668379,1
-2.354340659107538,9.38727327124018,1
-2.836067556280591,8.097503148867915,1
-2.291742793481654,6.534661763048742,1
-2.346567918285813,6.950893658924924,1
-2.340127992121244,4.64944989912553,1
-3.219285001887063,9.40462571766685,1
-3.332639362814338,6.301766700973687,1
-3.388438137338256,7.566534235766375,1
-2.9572851457646836,7.311968963258491,1
-3.399783582396994,6.597351253605875,1
-2.7473571841388513,6.441230836572478,1
-2.130140534540623,9.716974846692612,1
-2.176336908082798,6.474960617633639,1
-2.897472224628727,4.205793420093242,1
-3.0887324606220714,6.69241520755169,1
-2.7137743838265287,6.916520716760399,1
-3.0235781120199015,8.499643492938418,1
-2.9927396776758646,9.802742500648776,1
-3.003677040622144,9.379851597187464,1
-3.1992546678260316,9.879299204592144,1
-2.454151686799542,4.024704477104008,1
-3.0603598274551684,5.891813077507211,1
-2.7226290805177977,8.165351875573263,1
-2.9911466164659686,8.482571463235516,1
-2.4852554999050773,4.7044229450711,1
-2.526414589389616,7.118819909386925,1
-2.4550839349140583,7.7458847744977435,1
-3.390832105429681,8.362258450671899,1
-2.6942807830723217,6.0234018935534905,1
-3.452015569362006,5.235758117515413,1
-2.5442470549045417,4.289739823589567,1
-2.1005348367571317,5.175729176836503,1
-2.73113540819146,4.414570401355745,1
-2.6336680798132828,5.448448983475409,1
-2.4233371528934,4.343445295074674,1
-3.254018807171623,4.780357483687253,1
-2.679945685262701,7.8419711377103445,1
-2.97335699446789,4.706998295950742,1
-2.86974471988113,9.962405348745332,1
-3.371032947676786,5.7315469041963585,1
-2.5380856800276943,7.536904626116302,1
-2.854479486228213,6.597826955494995,1
-2.6628623304488896,9.081874786987267,1
-2.4613542766708605,4.11076322819898,1
-3.0151795938060717,8.380163074668928,1
-3.222429772079504,6.952647690680462,1
-2.2458586672419463,4.730537766613075,1
-3.0743803610167557,8.613327617298792,1
-2.1568592376081437,8.578037387467802,1
-2.9407597433544126,4.047884948769878,1
-2.076544220770846,5.347726119099194,1
-3.3262391925434263,6.48275237416913,1
-2.8024487913355993,9.932855324380455,1
-3.101072455581715,7.5028133246919575,1
-2.6656025297495787,6.1602467700705885,1
-3.3146151148728236,8.696480384195118,1
-2.2540315419487533,6.566667607958255,1
-2.100342238994946,4.7612693289064225,1
-3.154337789153577,4.523514184245914,1
-2.518001838955161,4.289498721747361,1
-3.363669106913517,9.817560287636049,1
-2.635431269217909,6.693788379262945,1
-2.81483899377824,9.480715179842898,1
-3.3231225312047954,7.772784973780945,1
-2.9679855272398585,7.137286839466536,1
-2.3579735688397494,4.552245980515883,1
-2.0985430965174916,6.424166696349247,1
-3.0202190600304926,5.254633235787946,1
-3.2937172040664167,6.285948574867945,1
-2.260370477871183,9.892523009508697,1
-2.256624747035242,6.319553153525285,1
-3.299299128647239,5.069830875642692,1
-2.598380871310135,7.249249085627262,1
-3.2378717283234404,9.137544603857101,1
-2.2973025169388297,8.824499755601755,1
-2.430873815641853,6.537907173093701,1
-3.334340675593638,4.497745600956552,1
-3.395864971166832,9.577280831298342,1
-3.3333142401054667,8.90757825007828,1
-2.000926676489615,6.7825137610884,1
-3.1990112357385145,7.544458356850608,1
-2.5122636432831236,4.330341890583676,1
-3.4254147734306954,5.213981052692281,1
-2.1850683463732983,9.489654701362584,1
-2.3150294663805298,5.190876484431077,1
-2.2448892597537577,9.861224784814878,1
-2.0245587473076103,7.961275796212794,1
-3.485110829042295,8.975953744249438,1
-2.305132883220417,9.892276858994933,1
-3.4754238987971906,9.991090010177075,1
-2.2722042611040085,8.722933810451531,1
-3.246133503958834,8.582634798625776,1
-2.3385411019821563,4.38975231388283,1
-2.779463607361958,8.070600529416694,1
-3.3241208952505854,8.107052397056508,1
-3.4859337934672845,6.297939476175475,1
-2.5761657637687696,5.5993953110473225,1
-2.9140158055237295,9.523732625425366,1
-2.8310980246267747,7.270611602829987,1
-3.225289473996617,9.655144510190297,1
-2.0464418598776644,7.142528588136131,1
-2.3487204184595067,9.39986441668008,1
-2.5065043441399375,7.807473217530235,1
-2.0084615916776736,5.057382494946273,1
-2.045462708519222,7.760290589404034,1
-3.06893336791768,5.991403230181693,1
-3.0266417386689137,5.765432918034895,1
-3.2432466467118584,6.589400741093005,1
-2.3516969231591522,7.311397146285319,1
-3.0459611572812544,5.941182228479941,1
-3.447985397449467,9.483118674545068,1
-2.3920841854127173,9.641136598800127,1
-3.436962237603497,5.695856147572617,1
-3.158201612052425,5.223093944623447,1
-2.6234414419408862,7.124221510435565,1
-2.5799236241860415,4.970343961239297,1
-2.284629553268964,5.105454808061852,1
-2.5077506039422257,6.8656169546343735,1
-3.3768794558534165,7.600749448786593,1
-2.914841337804873,9.622317094793942,1
-2.6160611644484044,5.810399106908744,1
-2.581704273047472,4.123835233276687,1
-3.259534172542442,6.421564228216717,1
-2.7955724333943426,4.121862791400796,1
-2.357399600152344,5.573830716884205,1
-2.67160482404678,8.357623979702268,1
-3.331181156254044,6.935337194957589,1
-2.4771778320521607,7.914532102991413,1
-3.3276755490336516,8.374353526876916,1
-3.2895049172973834,6.779232770041577,1
-2.6125704935208773,7.348209480566423,1
-3.3262243079330007,4.314939579565231,1
-2.841458033314024,7.45987110891077,1
-3.2198520096719476,9.20252331393865,1
-3.0029520014919076,8.333267031927978,1
-2.311570199231994,5.045007679414286,1
-2.1310470590205646,8.529276092515415,1
-3.1402684392279934,4.437147689860656,1
-3.42454456166977,4.742575046340571,1
-3.4985231775948984,6.971970651224445,1
-2.976170055855999,5.70905952849957,1
-3.272461870357301,4.8130755544125225,1
-3.104071883276605,8.230805276708299,1
-3.042814907944853,7.36211483542082,1
-2.3443714902322723,6.818401601425764,1
-2.5214912007068353,7.988729782048126,1
-3.1986722470193016,7.89195734090118,1
-3.414772080665495,4.034269283287724,1
-3.3572894391727544,9.14733502563645,1
-2.7951527496562294,8.512998017623762,1
-3.2669718771468013,7.4036119577139345,1
-3.2490171866052213,7.572626441985419,1
-2.086378137818799,6.054701973343683,1
-3.2698841173523845,7.066610452133247,1
-2.211589786132249,6.269268762162143,1
-2.994210680690638,4.60218127071488,1
-3.492494816967378,7.798735774299112,1
-2.62436303392123,8.264586510510433,1
-3.1922784963919684,7.344458415186813,1
-2.3717160139940963,7.971737024812921,1
-2.931032859995767,7.152405081460719,1
-3.1462364220968113,4.869522326337497,1
-3.314030620001387,7.531105261884758,1
-3.128687375175174,6.6491468496036665,1
-2.370444053034269,7.609121952475675,1
-3.2369007637521494,9.451783499831429,1
-2.0489348505461216,6.078459392828828,1
-2.143153887989991,9.876259958304988,1
-2.6970145748094607,6.813106159509549,1
-2.882692805800204,4.326941741976114,1
-2.4989160297443758,4.423213539690805,1
-2.85852545421923,4.165727108528093,1
-3.224254425874352,8.615240204742538,1
-3.38699269543228,7.152767954759268,1
-3.3633584694418914,8.973080112489884,1
-3.4596025854348427,5.231344340180712,1
-2.942058251534497,6.9665349906848935,1
-2.014117527843432,4.640304526234763,1
-2.12330455537048,4.350377000008745,1
-2.3575666797933548,5.771726969611888,1
-2.7280248379117245,6.594457029857658,1
-2.271109902527069,9.025780004925114,1
-3.25861467473929,5.579678608081482,1
-2.636145891502015,5.975529444156331,1
-2.6248770420332974,4.312326146687207,1
-3.2895462898322143,6.718937739203298,1
-3.199137964267825,4.756127423410077,1
-2.871159091850676,7.96870727092438,1
-2.977228687815541,4.322796526824366,1
-2.4639740772202052,8.716185007416556,1
-2.144672916192006,7.169989033724862,1
-2.059676520737654,5.572992751889309,1
-2.5372906032501374,6.226319279212406,1
-2.825143003219265,6.185396205706775,1
-2.6685523378822,9.054415803016074,1
-2.8842076171742184,8.109687457693479,1
-2.4214985915566474,8.515140309196799,1
-2.188349135234872,4.23587763986397,1
-2.8800712853669808,9.771478146417603,1
-3.30973098763448,4.471715035887973,1
-3.4453108029729282,7.453860557468421,1
-2.9955994672013295,7.963630412008942,1
-2.8336835353631837,6.789336098293186,1
-2.52163108656826,4.10820783012451,1
-3.1084386949267655,4.342505650204858,1
-3.494898991790124,6.813685552190919,1
-2.3130314212312375,5.736052472540717,1
-2.2454296846034976,6.570677679598463,1
-2.888632306211882,4.931309509861097,1
-2.85047532144494,7.765583227019552,1
-2.0478633923957306,8.389693072417769,1
-2.546075509867986,7.945452867857372,1
-3.125836539815716,4.224553319583335,1
-2.4584104309511576,5.988860892164434,1
-2.6974679172543867,7.392828225902524,1
-2.020141149501945,4.616849602481773,1
-2.3138104727059368,6.567550922661553,1
-3.024059621467673,9.94289373300824,1
-3.1204129797839752,8.087379657360765,1
-2.0303427334099187,9.594424206583186,1
-2.8403471318481155,6.843393268030662,1
-2.555623527514999,9.059338236739794,1
-2.918457396121839,9.870002364898241,1
-3.2474156221177797,4.404356077804721,1
-3.3949973650451994,7.570671823198007,1
-2.777122683398046,8.333559962537468,1
-2.652395304395582,5.098302815635835,1
-2.5108046451820356,7.665834095995682,1
-2.5757909626094264,4.595307503307518,1
-3.472120518368124,4.596877770399248,1
-2.7532308120048206,8.54957822579032,1
-2.6579877685593334,8.624806814971329,1
-2.132736965336119,6.996285595071163,1
-3.0792538633462123,4.516579968393344,1
-3.4341706961815177,6.5637455250679615,1
-3.273312142034536,8.638879106304941,1
-2.387849036277333,5.071870140107553,1
-3.2930651802700517,8.41075982922684,1
-2.0091772272811137,5.457419880232342,1
-3.2919241318451435,6.247120384993584,1
-2.165792244587319,9.255705212455059,1
-2.477768820847846,9.61987391610903,1
-2.0150373727190254,7.019028209475639,1
-3.416833560217439,7.418562611284425,1
-2.027145426809737,9.600411112154557,1
-2.2007169695435613,4.283404672421437,1
-2.560442347339654,4.348182091759459,1
-2.282789530988531,7.956213348380603,1
-3.0080014908730655,8.996076426776153,1
-2.7131451255181513,7.207834528273074,1
-2.7708373999037508,4.808214539355625,1
-2.727680708398389,8.597167896030872,1
-2.743491773256479,6.109689654169932,1
-3.2789736604544126,4.953234012270478,1
-2.7284928496889993,5.702372360981016,1
-2.5859865365608186,5.660864534581732,1
-2.282791101607675,7.725046576953964,1
-2.4588265111036556,5.491562148385564,1
-3.2936243588781764,9.185776291628907,1
-3.2566867043922882,5.380946524336224,1
-3.149270455479636,5.602211924740512,1
-2.6288997113003227,6.789804613208364,1
-2.7105587631951353,4.4182197246707755,1
-3.182335823596506,6.226703547705273,1
-2.8515443369393196,7.543824514261669,1
-2.455443136924604,6.5924373805629255,1
-2.6024593003297714,8.082830655419786,1
-2.330437727269509,5.489690626106083,1
-2.201631336853329,6.917416725645013,1
-2.111927565016214,4.055787635763608,1
-2.420358675816422,9.618356431645317,1
-2.708069114542691,5.766397671208375,1
-3.3414086876133293,8.890752457803933,1
-3.3325472849631614,9.023221594042168,1
-3.2178708330391856,5.191461818254737,1
-3.2386850832714806,5.133784751863985,1
-3.0897283635946224,5.287284797513408,1
-3.2162796270589014,8.615166211652133,1
-3.4937814583419486,7.176811426846249,1
-3.450382980718106,8.097861566864985,1
-2.6377468689394323,4.161683548243922,1
-3.0253579026066015,9.83669448362018,1
-2.10375860807257,5.2488551115505455,1
-3.321855560620368,4.991244151038789,1
-3.0775409774568283,8.25563328513567,1
-2.0018625442419644,4.369126082386543,1
-3.349741122936791,9.374069689273462,1
-2.8744981822008695,5.841148734829394,1
-2.0776442193816727,4.619743895788016,1
-3.1145724806542616,8.382252593304052,1
-2.9522579275824015,5.392127122756073,1
-3.498247010274177,4.79242725010588,1
-3.014174960460619,9.40369998136207,1
-2.477541821897468,9.193958154448328,1
-2.4597446892792076,7.384627432733568,1
-2.048966327770942,8.199052474452198,1
-2.9513751403804465,7.646358039095163,1
-2.0578213481537126,6.033398373990531,1
-3.068467759533643,7.90030837378497,1
-2.728935452418772,4.371414592957237,1
-2.5687607248845357,5.946754354822927,1
-2.0282449364887607,6.323935958597053,1
-2.4967001687826693,5.913578773492217,1
-2.825196685413295,5.115782957301995,1
-2.6496503653970263,7.403923452887492,1
-2.7617160509354863,9.850242495580693,1
-2.5183864139293672,8.094891436840044,1
-2.9380263990702495,7.771897410910945,1
-3.327303681831949,4.7222527653440896,1
-2.5638199189493713,5.910176118176636,1
-2.4872172335046905,4.83838616463266,1
-2.3689417249083196,7.96531929912715,1
-2.2348611715240727,6.657992969035709,1
-2.1368958372388005,6.065693285549456,1
-2.0055987947394986,8.193540720279731,1
-3.0378825942367684,4.0057367129945325,1
-2.3988075144829915,6.021880870871786,1
-2.8174123134217224,6.6262735034900135,1
-2.688393733422327,7.708153978235547,1
-3.387370253544837,7.439514434312586,1
-2.7524492999350567,7.405488364291579,1
-2.406706105217578,9.054200050326184,1
-2.996677540388015,6.054504878791663,1
-2.158282859499452,9.911190635561205,1
-3.3929175824526725,9.129168767655605,1
-2.221955890099217,4.575038445845854,1
-2.8043526011293265,4.4936240111625505,1
-3.389570324119762,7.2654188175534005,1
-3.087410913159269,9.862349198228156,1
-2.110744054089454,8.925261334724297,1
-3.190436608363539,7.908084257122062,1
-2.7511993795826304,9.925006571473077,1
-2.859349286775368,9.735800012744626,1
-2.5715147689769666,4.618042738667645,1
-2.9723352765081996,8.463883627520001,1
-3.4710222867085174,7.11971832608368,1
-3.245910123370824,4.574283031969705,1
-2.606018994478,6.758875917058763,1
-2.6804693179469523,5.959869442870355,1
-2.4378785250575037,5.336624078945785,1
-2.167773814837484,9.340521176931643,1
-2.85371480553892,9.654103988309268,1
-2.003375909538566,7.498014909522267,1
-3.1843495908701405,8.380635057119175,1
-2.4095429536792277,5.659761986238717,1
-2.750896090426659,5.721066495696971,1
-3.2850824920321857,8.262159343165528,1
-3.291811052013216,6.915127082693453,1
-2.159944504330857,7.106857821077682,1
-2.560330567790894,5.438000140627849,1
-3.1239288214208623,9.404026647175742,1
-3.4675525886087315,7.174839860413664,1
-2.0389236190855313,4.2834121028097085,1
-2.961711638534489,5.187640395699101,1
-3.369429421158393,6.012184980443085,1
-2.130493578228015,5.14795438424305,1
-3.0003009592266396,6.893088318555594,1
-2.709989793410325,7.310986531601346,1
-2.3144516895940535,6.575634785501208,1
-3.44627914593161,8.279598067635613,1
-2.327723322283381,6.632292111344106,1
-3.290081892853057,6.401164708064216,1
-2.7237585507246203,7.283825665529906,1
-2.849735155558577,9.944905627720622,1
-2.0551860366765564,6.6065330137544365,1
-3.2686500956370255,8.127534905769519,1
-2.054512220870189,5.751550527240606,1
-2.7704534825024747,7.300049184104112,1
-3.013908865071112,8.368079926906757,1
-2.2943713532637213,5.925842122298262,1
-2.5766799736759944,9.210116699227669,1
-3.2731033425921705,5.526864825140811,1
-3.1111049920879994,9.303898457459416,1
-2.2576698117413216,6.220280702259092,1
-2.900245588326978,9.754959330852923,1
-2.976321829932489,7.05565628932899,1
-2.600103915658588,5.710370469428804,1
-2.7549251876095,8.411447080218306,1
-2.7234737742191664,5.08906229423096,1
-2.842600552020533,5.637130950035576,1
-3.2625714949558295,8.657522495420583,1
-2.273826102117795,7.149169403633906,1
-3.4576216373459587,7.233944521488997,1
-2.8727308065638537,7.662935598524567,1
-2.3393859230587584,5.690389967227429,1
-2.094020755609894,8.433763148729458,1
-2.611653919036799,9.952917508736036,1
-2.645582707825188,9.832538410731985,1
-2.1803058112338256,6.5022493944973885,1
-3.2151089842235487,7.552878757520441,1
-2.336955667719454,6.822085785494669,1
-2.520991440708308,4.380297859779489,1
-2.1441583524023784,7.2631960976761825,1
-3.1265176630900733,8.288354646409072,1
-2.5348781586226243,9.03258229517683,1
-2.134481372371583,9.548183035132444,1
-2.7523505198027616,8.989032329786536,1
-2.2131439121249192,7.123721704301643,1
-3.0561836809411216,4.156969534638894,1
-2.0431581462959314,9.497287558672767,1
-2.287083596141755,6.6293721259308995,1
-2.0653739462449243,4.645072641348713,1
-2.048895569113983,8.244056553360835,1
-2.5089968050435987,9.392204159196051,1
-2.2516711335312682,8.426860485174235,1
-2.4466946754600913,9.169726646080246,1
-2.301687895487715,4.50885656765886,1
-3.111447614946534,4.002150027059128,1
-2.7619691939015882,8.58801703686623,1
-2.8744400858576804,7.773368344755921,1
-2.4054198604980757,7.353774436608737,1
-3.432205600173914,8.739783436951855,1
-2.9086896700450433,6.109704280429485,1
9.01408826816046,4.430085779763573,2
9.13286229545755,6.6089135982712985,2
8.577354227837905,2.1338477509738936,2
5.081232555452773,7.531923812303417,2
6.399552730835914,5.955280138626471,2
8.21485502479291,5.917799856421089,2
7.567878171091381,4.138014820698347,2
5.174867428347325,4.4350921803294705,2
9.17157401192153,3.2619717638111165,2
8.57360855917672,7.203580878569475,2
5.639121340309116,2.4956600799949813,2
6.953845904984606,5.306281617413097,2
8.829584903726598,5.739724400788613,2
7.19110070420944,7.694057934174541,2
8.095641334991845,7.217304512554426,2
5.53376578515055,5.875827695490564,2
9.943103461841815,4.666210746384124,2
5.044348134467157,7.019745554584521,2
6.763526157201635,7.448654460669104,2
5.144222922902695,5.955164833863238,2
5.92267103077822,6.668254267926127,2
7.911363276065117,6.628975749467879,2
6.059794808641595,4.678317070868919,2
8.302726676088316,5.903949728073528,2
9.90348946486796,4.351280791701255,2
7.2793253945859195,7.018890303751338,2
7.438480479391227,6.912351690967272,2
6.0561328116899,6.015692346274511,2
7.929451643416124,7.774233253388031,2
5.920687544096117,4.890354290769206,2
7.127536026993593,5.9423040613353315,2
7.441125575499287,2.032576732339412,2
6.382931768503319,5.441930936210242,2
5.745792087991777,6.455728008766421,2
9.699563307543798,5.929181203742488,2
6.2531746822023315,6.183083209563806,2
7.3573328086823935,3.293246355738364,2
8.388749098932035,2.0114779835194567,2
7.475591241393802,2.0506015335132517,2
9.873777223450123,7.654546823044237,2
6.345736308953099,6.852093241581859,2
6.610855169658393,2.6161687531993065,2
7.579390951215936,3.6229899904218765,2
7.473507089133626,6.788240313121741,2
8.986297668830987,6.9048669580091,2
9.997388263934107,4.575818643243068,2
5.804620591426279,3.6100608627075967,2
9.868529041058597,4.420189897315495,2
6.789219274153673,7.111940838918184,2
6.701705245786684,4.695816863579344,2
9.59217461853206,6.845945064761983,2
5.302138953637882,4.957151850468799,2
7.41948627308429,4.225396372878349,2
9.506356969630687,5.373689796351567,2
5.578822537463093,2.697149910698198,2
5.077932147796372,7.325615071125516,2
5.95090180311514,5.416634712874577,2
6.998474891026722,4.5819228647959624,2
6.171344181922567,2.2821746262308586,2
9.493272737460174,2.0735496971016105,2
5.877614830582784,5.967931051764679,2
9.759253898020816,5.323515603612866,2
8.89759509477377,5.23915299009261,2
7.058736447917436,5.315521441721973,2
6.129441041282329,3.975156335907314,2
8.584578817437222,6.254551752898298,2
7.964925800800378,2.906007877308711,2
6.687982385541418,2.3385059362291276,2
5.67937937669379,2.333575833023185,2
5.894965177830579,3.8919061760815614,2
9.50949980189214,4.705286014127416,2
7.093237599351176,7.6530785259801775,2
9.347523322060823,5.259586239167541,2
6.012213428222217,5.863057981672971,2
6.7834422742035425,4.633670947390597,2
9.90378714017109,5.041627220309692,2
6.833515104289784,5.836436187374584,2
6.717852406889301,3.7826092870022086,2
6.8543914513989765,5.4668466836739515,2
6.647837182644238,2.8127023875811146,2
6.915775474277438,5.388277105446166,2
7.330978241096733,2.774744095901688,2
5.306154732939423,5.815295987357954,2
7.800868232756415,6.932038887931312,2
5.4778541951552935,5.838768106758609,2
8.184928607885595,3.5851551132093533,2
5.084496279384255,3.4404417162634244,2
6.928063075550856,6.072305545650367,2
8.732439615238606,7.716338819613009,2
8.04475604898624,6.596920472249524,2
5.41310949616565,7.794182880377846,2
8.10312464582654,2.831304471721279,2
9.991436330606327,5.27712034065608,2
5.175296173046514,5.993969556157674,2
5.295845093627258,5.466785889282248,2
5.188087705936008,2.2942967369044838,2
8.805737424481258,7.99675054616385,2
8.000016693571384,2.8877598590652553,2
8.903136621141876,5.0884606294245,2
8.126092985360174,7.0705504760215305,2
8.205147937187325,7.869018206301103,2
7.741997419313991,3.8886449281997333,2
5.179444985471892,3.95024642294964,2
6.672578001700245,5.626289692051674,2
9.29538909494857,3.89172320794234,2
8.72712622518332,5.409772448569894,2
9.921829844759355,6.6229702871937235,2
9.617560214819619,6.641388751590982,2
5.246644206317021,6.155719945549829,2
6.63349406743917,3.615674818167869,2
9.883961626771178,6.093121914796557,2
8.990903165500718,7.093908557556436,2
7.2437072238998255,3.649676143168418,2
9.587051045138242,5.324644752002553,2
6.755504809335461,7.649181186876698,2
5.260227898126467,4.7492389298995725,2
5.375963496205805,3.257478432474116,2
9.91555062899696,5.480522997315953,2
8.698734124641463,7.615952424607759,2
9.190126453934713,7.717135775136499,2
5.457046369037891,6.910220649018409,2
9.462750031690081,2.9699134589720573,2
5.962212531386244,2.5002548727519356,2
5.520409592338904,3.5298975242186224,2
7.825510088164531,3.632025753403009,2
8.185170119397895,6.1580743858056595,2
6.3695270473562715,5.803148443710809,2
8.91141309204151,2.2787983077450917,2
5.030351709064562,6.141394868387679,2
8.57810574605348,4.163551073427303,2
9.6005765797502,4.8383542725179005,2
9.087153597490982,2.0683752661910697,2
6.246616358864967,4.674700210878786,2
5.659585534516768,4.585382113826471,2
9.912170354431442,6.3236523542653105,2
5.337201341915298,2.7446214724048037,2
5.169449850267231,5.042762809748272,2
8.014919720803773,3.263433218419457,2
8.405127507618687,5.064810264587852,2
6.096031967981668,7.759896281337714,2
6.086289097249908,3.529930290681376,2
7.854157933262227,4.295444500955718,2
7.719292868458467,5.394239430231203,2
5.867306304204896,2.3166557632778084,2
7.21005475436538,3.5556337570057313,2
8.681019762726844,7.208283548967112,2
9.445554885745967,6.422353835713202,2
6.398372295514906,5.9027968351416025,2
8.054138774305146,6.7568857562306235,2
8.792943731490176,7.8860611695569585,2
6.522823607526131,4.937860955108192,2
8.849756627042545,7.802675326144708,2
8.537221997068698,4.844378173954592,2
6.110593975660975,7.19699016949513,2
6.657818395492848,3.2346031532315664,2
7.359053341503521,2.8049004744376367,2
9.79807682505547,4.154947042551344,2
8.37370992233619,5.996046910170082,2
8.102689016908382,5.029012487199595,2
7.94554719517273,4.8537015143759135,2
5.05587438339356,2.4035798867874427,2
8.784364025235057,7.606020758644658,2
9.121093914034432,2.105437031291549,2
5.692404069156903,2.4640596098048984,2
5.085955104573036,2.445744777600293,2
9.998322469682257,6.333723404896881,2
6.926387389232869,5.595282075193849,2
9.816740294845928,7.70790847825527,2
8.985603731757745,6.196972119580433,2
9.779672429378307,7.71883547185537,2
6.567220989612081,4.764203959726246,2
9.344367145444187,7.361826781041832,2
8.295631276425812,5.3206847341594194,2
7.9587866187418985,3.5103049876467907,2
7.949542666366926,7.472757096334464,2
7.0632204132987795,7.196023750828186,2
6.658515077937005,5.954757308860369,2
9.437019151548165,3.76223197002425,2
8.374844507219336,5.3990447093386305,2
6.597696744456058,5.861522223851931,2
5.234412593723165,4.546005890953179,2
6.668467410553404,3.0513095888464963,2
9.31604879466887,5.181062316586903,2
5.833972138084263,5.048239003934598,2
8.733532516082974,6.753440353533733,2
9.070157529696282,7.318596057452943,2
8.225762838648443,5.136353355784256,2
8.251662333371454,7.97304091869993,2
5.1321959150416685,6.87343145816619,2
5.130065862542688,2.535564416057947,2
7.220112765385925,2.117932514447941,2
5.020127792152957,3.2495331712395252,2
8.304381901200461,3.796129796211858,2
8.415157159934962,3.4941418298476257,2
8.739659365567356,6.769259928846479,2
6.854806981547899,6.126960132370329,2
6.521709684151881,5.569840784485307,2
8.272831125848676,3.7611148578239084,2
6.581281482780346,2.708542939307556,2
7.062944050259121,5.785451323713678,2
5.805255869192872,5.846564863464063,2
6.208393921218436,5.408338591682033,2
7.096007877765052,4.042015456662937,2
9.79500893231442,7.970504104273953,2
6.1973139817254745,5.446762605375246,2
7.143789844524221,2.9585084716134458,2
7.807022347590311,2.3466043936915857,2
6.790567601645984,7.596844591275831,2
5.141320433723065,7.386929459432896,2
9.464780249283367,7.356404730913393,2
5.720266287773614,7.48994384265821,2
9.63170960810841,6.651730761512274,2
6.57505952900148,7.743842200879434,2
8.031953817662007,5.296875419691167,2
9.40962101224293,2.529148795330311,2
9.05657978858028,7.708700611075789,2
7.641974565521489,3.417828572468861,2
5.887058739973866,4.843784872822989,2
8.996715408329061,5.847679860895823,2
6.080940690843681,5.768230605897693,2
6.8980922624003655,6.900685375011056,2
6.822900263995821,7.896637860911942,2
6.258858001272118,5.312569860653169,2
8.537521955949785,7.176871611158282,2
5.2053839253272685,5.954277472963476,2
7.601611813205976,4.464860569569913,2
9.92431241508843,5.313051027111415,2
9.380695695993863,5.991955762889766,2
9.99994844634314,2.296890755262826,2
6.533230185478715,6.690248148150322,2
5.767159520103233,4.112072546274304,2
6.728124418209344,5.970257608374781,2
7.822476851100163,6.281662082078551,2
6.697002423337732,2.4940720877333535,2
6.318933072979039,4.559773732825849,2
7.614066804126486,4.704738166860784,2
6.844171176490737,2.9234295480577037,2
9.564317395828166,4.926603050932248,2
6.461678271157529,4.070571740769632,2
6.346218295590453,4.247717634782983,2
7.8815208744101675,2.176577048772406,2
5.899551201559719,5.281721458980938,2
5.0835407678501,3.347711606697641,2
5.138223951714874,5.62344303756341,2
5.080685759517769,3.0078749302618895,2
7.23942472364155,7.059449513819372,2
8.29123076114496,7.215682149472215,2
6.324385747707721,7.657559019068952,2
8.069543803145631,7.062835791689436,2
9.323657161572244,6.3050236287276995,2
5.185060428853988,3.2031427009767186,2
8.43456290858682,6.00852529675001,2
5.314455196735912,3.666596134112111,2
8.474670943224258,3.809536043711786,2
7.839437452954348,4.522405645782625,2
6.154413744903888,4.670144634070978,2
6.431094252818204,4.685189673131034,2
5.407713637219576,6.7263477792872735,2
7.215219507340332,4.226254370520776,2
9.082733600708059,3.9920393266404695,2
8.599582868748609,4.173792316912298,2
7.532673080484795,5.532044147729393,2
9.432420229341975,3.5152422315765635,2
5.086177189955442,5.037085814510203,2
8.172678322822126,4.390538333582524,2
9.61934938335434,7.32725126223593,2
6.95652278027255,2.5696821494275617,2
9.616731735935565,6.701870115244169,2
6.381670801871436,3.204386162672831,2
7.867470870366599,2.127122340639408,2
8.634641022081404,7.511509197270377,2
5.080514486088684,4.814862214791186,2
6.89631471786487,3.7198587843387085,2
6.843943759981394,2.426639571432985,2
5.646134282727825,7.554082079213309,2
6.219757113502768,2.488170742216684,2
5.857227829964993,6.3366094143313285,2
6.965169020631616,4.171984215718149,2
6.555656454419845,7.400390898100238,2
8.48416311223108,6.45067018294447,2
9.719740469657085,5.54746483552127,2
7.7967079713408545,5.6556772952885614,2
6.576281765113146,7.459342868863039,2
5.645146709006893,5.9721149756824605,2
5.925345286487256,4.752523068535959,2
5.603076612709693,5.912844892625363,2
9.240711540105181,5.867137894654882,2
6.599420060125187,3.130466288003576,2
5.292681335902111,6.559842277738226,2
8.52417546462404,4.647009786455744,2
8.646031462898739,3.168360689620449,2
7.670302201060687,6.4497896306307085,2
7.814003693263931,3.400938591927276,2
7.380538981777052,5.342761811949698,2
6.215885875899441,5.597320614161447,2
8.49749748091505,7.595816154430282,2
7.102914581415654,6.5872610295546155,2
5.915423983208515,6.576837797370046,2
8.947073000722945,5.974481411940829,2
8.686936206113385,7.072938865389562,2
7.164156150339765,4.31291630220506,2
7.596950222326239,2.230746246264841,2
8.32734732052208,3.52715358768096,2
9.960815527074251,3.0255015357520385,2
9.380754004535977,3.1914153037503836,2
6.339558613108821,3.685761523950668,2
5.362810297060621,3.037721147924332,2
6.700078969477141,4.0854460813210185,2
7.173534006944099,5.679656979173976,2
6.328644420584972,2.1915252163497625,2
6.428250072589016,4.555687732684719,2
9.666503627584401,4.634896496761042,2
5.827134039797844,7.7980127377181185,2
9.382486487433699,6.770594612316298,2
9.63784734543309,6.477893606991685,2
9.050102812878972,2.1105788588841365,2
6.448449449147817,3.8641330085985364,2
6.506477925601645,4.108493798714308,2
5.491267999352448,7.18082618085933,2
8.645647364572348,5.348630753357728,2
6.8115591259413115,4.0069767061289525,2
9.773888847732106,2.914427822966607,2
9.34628552920739,4.853447777949052,2
5.979420767807032,7.301701303325508,2
5.554014840241315,4.275686235007104,2
7.094114919532644,7.227502084788559,2
9.968909060168919,7.296820593439812,2
5.495047259557616,2.914880560316642,2
8.834597238070705,7.7698339623763895,2
6.75074735526047,3.3953667030096213,2
9.419285241747716,3.821189416141369,2
7.67379528215937,2.5742846974942157,2
9.412900542902465,4.778562748157521,2
9.230147821052629,7.321184624072154,2
6.08550753137812,6.761051826521827,2
8.283427165953567,2.228151824168099,2
5.168531361461808,5.020585252626923,2
5.644853007998104,3.2782641401917756,2
9.241558975425963,3.848008340459299,2
9.661094995642507,5.734070882139952,2
9.797985334975486,7.89835891689783,2
8.766600264405692,7.727648001550886,2
8.119177401663435,2.0991345513664883,2
9.138157454795984,7.764375295522487,2
5.294479147364703,5.926404037320015,2
6.240134515198503,5.8972548950076416,2
7.131043636074948,2.2432697829714874,2
9.529099546829539,3.2539068022664566,2
8.040413732168936,4.177145757387302,2
6.342225596168229,2.720463873132527,2
7.567860624170933,6.448255439736871,2
8.36009110286624,6.9388327475351295,2
7.03294469586198,4.917759457995637,2
8.366777375602368,4.348252022290171,2
9.40263380827591,7.54318808554026,2
9.903400730072782,6.668912013854894,2
5.490588704950645,6.7240503771878535,2
5.760525386658798,6.980646203627506,2
9.158922251708528,4.112038678495873,2
8.746618558384686,4.178147342583931,2
8.22136610828088,6.520524616721831,2
9.32383876856466,7.451633529216487,2
7.738710706557013,5.46840309451634,2
5.331667702033201,5.266988414443466,2
7.129574993253519,4.989103098998601,2
5.790927783487786,5.375075767942739,2
5.976229851151196,6.269496884133659,2
6.244152100034718,4.152163934980577,2
6.294833080531638,7.6487946183034925,2
9.229373169055311,2.059875197192489,2
8.766836691095811,4.677054366867228,2
9.754705961058548,4.049953148011332,2
8.562490190475982,6.791917974602696,2
9.296568015741673,4.933115611004951,2
7.409815708239835,2.2847192939382284,2
8.28683565832086,6.97296957669464,2
6.73373728333722,5.8295979122132735,2
9.769844037526003,4.967646447868784,2
7.438802292446647,6.8708761251806125,2
7.8653199037194,5.664073003531213,2
9.734677841061705,4.367657755717187,2
7.5466152761173415,4.622137531167824,2
9.223984643263197,6.40405764805596,2
7.317490309062116,7.264213277660204,2
6.530348161859428,6.033693622470894,2
8.05761117675514,3.469327436717386,2
9.61196457245977,3.3138691689449042,2
5.064901663685163,7.031412268315002,2
9.596096862032923,2.0291747064248757,2
8.29024895456213,2.216636668345994,2
7.718778960817319,6.369374266929053,2
7.607435982481981,5.749601254294474,2
8.580362312403086,7.399044800992033,2
7.436086311758035,2.4022613085098006,2
6.352374792225909,3.647938157072238,2
7.3111151602511075,4.716173606772715,2
6.914336341284201,3.7418030406233553,2
8.004583573703542,4.545775712159303,2
5.867531803473074,5.392467241499628,2
5.986636961579972,3.211354487303383,2
7.154209728153802,4.370839188445762,2
8.775360060868495,3.634071688621354,2
8.636377600871128,5.337097595637641,2
9.242197844237541,6.617009948042632,2
9.938609530172979,4.361378046548345,2
9.604300100626574,4.243101808171483,2
8.016560959021135,5.896008438785173,2
6.940494062001261,4.270582590990826,2
5.9362434921489795,7.527597580029201,2
8.222872680483874,3.0200343634115496,2
9.616328811617421,6.874499937788607,2
9.6081675974007,4.025520472339852,2
6.477877145393764,5.183541314714432,2
9.872173091186166,4.832892352636609,2
5.530136241554072,7.388794954099318,2
7.451479891605223,6.362848440683063,2
5.257589874341964,5.631433285055087,2
6.9183746806596265,7.567228246781038,2
8.827199973406795,2.4484682200480288,2
7.0593662946121905,6.738903081829363,2
8.5219482258156,6.713350388793966,2
7.861107571373475,7.16408144376933,2
8.92071420435134,5.842275663472806,2
9.528359518917686,3.7030908704494028,2
6.256842480142382,2.178313409906905,2
9.017160270472832,7.136323126718307,2
9.164918910733103,2.666329726882676,2
8.138512649923015,5.653132452159639,2
6.159717171434462,2.782497469623788,2
5.077332400546053,2.8004257583897108,2
9.23909734377165,2.327798195564256,2
6.268476634044981,3.020865984459417,2
6.478889770518373,4.01498645891042,2
9.703127716974851,5.043253754804844,2
7.115330833533992,5.7000178919580975,2
5.175464757317167,2.590433816982693,2
6.3850119032034325,5.349471163198784,2
9.281802289301968,5.77589497343908,2
8.808565713877012,6.014745866763253,2
6.609141079438891,6.7816877529651265,2
6.924870450913886,3.9153720903788365,2
5.590816781673915,6.075977304913093,2
9.573665516361254,3.286782564012544,2
9.392181879584307,4.890543663257338,2
6.163704193747853,6.831931617108268,2
5.705445034954738,6.856373305338488,2
6.473765182450334,7.462010193735739,2
7.65015401390266,4.567400725767607,2
9.666314986630276,2.1814221243031455,2
9.951467112505835,5.069607158381628,2
6.294375658937696,5.301826557278934,2
5.325512908468588,2.584496373281735,2
5.530726551252061,4.956796937016476,2
6.575694534428082,6.665921727419875,2
6.295877821482746,5.847080783212171,2
8.50358064367703,6.876150970440737,2
5.3852133281042525,5.753051001150231,2
6.48197569411275,5.0374133058489035,2
9.228017145802852,4.904886735380579,2
7.997518248945128,3.498569526192917,2
6.049450667880569,7.237021171611935,2
7.060375795876009,3.996022851170985,2
5.68549615181215,4.47969378005378,2
5.60789880060902,7.6704493685493205,2
6.547566272982587,3.1757161348005525,2
6.351268410469052,5.216635613958931,2
5.783092395639719,5.5524790950995655,2
8.02051871482332,3.9840030313568793,2
5.6360977649043615,7.5574831154968365,2
5.965679794793054,6.045758848913133,2
7.442453239471552,4.544056063147556,2
5.328793231047597,7.4387927897949515,2
8.25477208888031,4.023974452349664,2
6.06091118237936,2.8312833789978544,2
6.782168455810719,7.069316445950051,2
8.299980578045394,7.140316723882279,2
8.430810955824096,7.226794767649496,2
8.808550251794514,3.487208029088914,2
5.636562909847091,5.780021536622896,2
7.666230475885609,4.7383626867421675,2
7.214244035153863,7.348605131152159,2
9.566850995170036,5.207841967155329,2
9.172580256462906,3.852292434319505,2
5.1381686259180945,4.161252569302067,2
7.687737012455042,2.3205704015483484,2
6.2589999984966465,7.20874597050534,2
7.550319359288955,5.241150205174341,2
5.855459258245269,7.236591857427642,2
9.46392081269846,2.4629367504183417,2
5.849190400709229,5.878780504407104,2
9.87012516699632,6.340865276804969,2
8.436481775840155,7.7177229327592745,2
7.844642844331801,6.91062425378616,2
5.784324421433869,3.0814984029959365,2
9.439607522705025,7.387537728616716,2
7.100483028332757,3.476822866454709,2
6.5278587359399225,4.016192766781687,2
7.18185490759096,2.050646454328392,2
7.358979905048909,4.9859273307803,2
7.305126747989802,6.740787573385025,2
